name,price,price_text
버튼 면 혼방 니트 티셔츠,59900,"₩ 59,900"
코튼 롱 슬리브 티셔츠,29900,"₩ 29,900"
버튼 라운드넥 티셔츠,35900,"₩ 35,900"
쇼트 슬리브 셔츠,21900,"₩ 21,900"
스트라이프 반소매 티셔츠,39900,"₩ 39,900"
THERMOLITE® CORE 스키 컬렉션 심리스 자카드 보온 티셔츠,55900,"₩ 55,900"
콘트라스트 포켓 티셔츠,39900,"₩ 39,900"
콘트라스트 포켓 티셔츠,39900,"₩ 39,900"
더블 콘트라스트 티셔츠,29900,"₩ 29,900"
더블 콘트라스트 티셔츠,29900,"₩ 29,900"
더블 스타일 언밸런스 티셔츠,35900,"₩ 35,900"
더블 스타일 언밸런스 티셔츠,35900,"₩ 35,900"
수피마® 코튼 티셔츠,39900,"₩ 39,900"
수피마® 코튼 티셔츠,39900,"₩ 39,900"
베이직 코튼 티셔츠,29900,"₩ 29,900"
베이직 코튼 티셔츠,29900,"₩ 29,900"
수피마® 코튼 티셔츠,39900,"₩ 39,900"
페이크 더블 언밸런스 티셔츠,35900,"₩ 35,900"
페이크 더블 언밸런스 티셔츠,35900,"₩ 35,900"
페이크 이중 언밸런스 티셔츠,35900,"₩ 35,900"
리브드 롱 슬리브 티셔츠,29900,"₩ 29,900"
리브드 롱 슬리브 티셔츠,29900,"₩ 29,900"
리브드 롱 슬리브 티셔츠,29900,"₩ 29,900"
더블 콘트라스트 티셔츠,29900,"₩ 29,900"
더블 콘트라스트 티셔츠,29900,"₩ 29,900"
더블 콘트라스트 티셔츠,29900,"₩ 29,900"
슬림핏 반소매 티셔츠,19900,"₩ 19,900"
슬림핏 반소매 티셔츠,19900,"₩ 19,900"
슬림핏 반소매 티셔츠,19900,"₩ 19,900"
베이직 코튼 티셔츠,29900,"₩ 29,900"
베이직 코튼 티셔츠,29900,"₩ 29,900"
인터록 반소매 티셔츠,29900,"₩ 29,900"
인터록 반소매 티셔츠,29900,"₩ 29,900"
롱 슬리브 티셔츠,21900,"₩ 21,900"
롱 슬리브 티셔츠,21900,"₩ 21,900"
긴소매 티셔츠,21900,"₩ 21,900"
수피마® 코튼 티셔츠,39900,"₩ 39,900"
수피마® 코튼 티셔츠,39900,"₩ 39,900"
수피마® 코튼 티셔츠,39900,"₩ 39,900"
수피마® 코튼 티셔츠,39900,"₩ 39,900"
